AccX,AccY,AccZ,GyroX,GyroY,GyroZ,Temp,Posicion
0.0,0.0,0.0,0.0,0.0,0.0,0.0,PosiciÃÂ³n No VÃÂ¡lida
-0.0,-0.04,0.88,-2.38,11.0,3.17,32.64,Abajo
0.02,-0.03,0.87,2.54,4.75,3.26,32.66,Abajo
-0.01,-0.08,0.88,-7.09,11.0,2.54,32.68,Abajo
0.02,-0.05,0.88,1.22,9.57,-4.05,32.7,Abajo
0.02,-0.07,0.85,-12.03,-2.61,-0.44,32.71,Abajo
-0.49,1.66,0.17,16.0,16.0,-16.0,32.71,Frente
0.19,0.72,-0.84,16.0,-10.19,15.95,32.71,Frente
0.31,1.5,0.0,-16.0,-16.0,-7.61,32.71,Frente
0.39,-0.03,1.87,-16.0,-16.0,13.75,32.73,Abajo
0.52,0.04,0.19,-16.0,-16.0,16.0,32.73,Derecha
0.95,-0.03,-0.22,16.0,16.0,-16.0,32.71,Derecha
0.52,0.13,0.43,-16.0,16.0,16.0,32.76,Derecha
-1.1,-0.08,1.2,-16.0,16.0,-16.0,32.75,Abajo
-0.32,-0.29,-0.04,1.01,16.0,-16.0,32.72,PosiciÃÂ³n No VÃÂ¡lida
-0.65,-0.05,-0.52,16.0,-16.0,16.0,32.73,Izquierda
-0.06,0.26,0.66,16.0,-16.0,-16.0,32.75,PosiciÃÂ³n No VÃÂ¡lida
-0.01,0.77,0.71,16.0,16.0,7.23,32.75,Frente
0.25,0.68,-0.82,16.0,-16.0,-16.0,32.75,Frente
-0.23,1.02,0.5,-16.0,-16.0,-16.0,32.74,Frente
-0.42,-0.29,0.85,-16.0,-16.0,-2.49,32.73,Abajo
-0.1,-0.63,0.19,-16.0,16.0,16.0,32.75,AtrÃÂ¡s
-0.17,-0.96,-0.31,-16.0,7.46,6.83,32.76,AtrÃÂ¡s
-0.35,-0.35,0.18,16.0,4.56,15.46,32.77,PosiciÃÂ³n No VÃÂ¡lida
0.05,-0.35,1.59,16.0,-16.0,-16.0,32.75,Abajo
0.13,0.37,0.86,-16.0,-16.0,16.0,32.77,Abajo
1.29,0.05,0.25,-0.51,-16.0,16.0,32.73,Derecha
-0.16,-0.21,1.58,-16.0,16.0,16.0,32.76,Abajo
-0.55,0.31,0.66,2.99,16.0,-16.0,32.72,Izquierda
-0.8,-0.03,-0.05,-16.0,16.0,-16.0,32.74,Izquierda
-0.47,-0.15,-1.16,-16.0,-16.0,16.0,32.74,PosiciÃÂ³n No VÃÂ¡lida
-0.53,0.18,0.6,16.0,-16.0,16.0,32.79,Izquierda
0.1,0.92,1.16,16.0,-11.65,-15.47,32.76,Abajo
-0.13,0.73,0.09,16.0,16.0,-2.39,32.74,Frente
0.13,0.95,-0.08,-16.0,-2.1,-16.0,32.77,Frente
-0.12,0.83,0.14,-16.0,-16.0,-16.0,32.79,Frente
0.57,0.07,1.61,-11.19,-16.0,16.0,32.75,Abajo
0.38,-0.01,-0.2,5.7,-16.0,-16.0,32.75,PosiciÃÂ³n No VÃÂ¡lida
0.85,0.14,-0.11,16.0,16.0,-16.0,32.76,Derecha
0.0,0.04,0.64,16.0,16.0,-16.0,32.77,PosiciÃÂ³n No VÃÂ¡lida
-0.71,0.04,1.16,-16.0,16.0,16.0,32.76,Abajo
-0.66,0.07,-0.13,12.53,16.0,-16.0,32.73,Izquierda
-0.82,-0.37,-0.76,-16.0,-16.0,16.0,32.73,Izquierda
-0.46,-0.03,0.87,16.0,-16.0,-16.0,32.76,Abajo
0.35,0.94,1.09,16.0,16.0,-15.95,32.74,Abajo
0.04,0.55,0.45,16.0,16.0,-11.61,32.77,Frente
-0.07,0.89,0.19,-16.0,-12.07,-16.0,32.73,Frente
-0.36,0.08,0.63,-16.0,-16.0,16.0,32.77,PosiciÃÂ³n No VÃÂ¡lida
-0.12,-0.88,0.84,-16.0,16.0,16.0,32.75,Abajo
-0.21,-0.77,-0.22,-16.0,16.0,-5.22,32.77,AtrÃÂ¡s
-0.08,-0.56,-0.11,16.0,11.48,-10.0,32.74,AtrÃÂ¡s
-0.16,-0.57,1.66,16.0,-16.0,-16.0,32.77,Abajo
0.44,0.56,0.88,16.0,-16.0,16.0,32.77,Abajo
0.66,0.44,0.03,-16.0,-16.0,-1.66,32.77,Derecha
0.46,0.32,0.51,-16.0,16.0,-16.0,32.74,PosiciÃÂ³n No VÃÂ¡lida
-0.25,0.18,0.86,-16.0,16.0,-16.0,32.74,Abajo
-1.35,-0.01,0.37,16.0,16.0,8.11,32.75,Izquierda
-0.26,-0.19,-0.73,-16.0,16.0,8.24,32.76,PosiciÃÂ³n No VÃÂ¡lida
-0.95,0.12,0.31,-1.56,-16.0,16.0,32.75,Izquierda
0.32,0.75,0.7,16.0,-16.0,-16.0,32.75,Frente
-0.05,1.03,0.27,16.0,16.0,16.0,32.76,Frente
0.25,0.89,-0.04,-16.0,-16.0,-13.06,32.75,Frente
-0.22,0.99,0.8,-16.0,16.0,-16.0,32.74,Frente
-0.23,-0.97,0.98,-16.0,16.0,16.0,32.76,Abajo
-0.31,-0.7,-0.18,-16.0,16.0,-1.51,32.76,AtrÃÂ¡s
-0.11,-0.51,-0.13,16.0,-9.48,-16.0,32.75,AtrÃÂ¡s
-0.1,0.17,1.19,16.0,16.0,16.0,32.74,Abajo
0.12,0.49,0.78,16.0,-16.0,16.0,32.75,PosiciÃÂ³n No VÃÂ¡lida
0.98,0.28,0.02,6.49,-16.0,10.78,32.73,Derecha
0.62,0.16,0.44,-16.0,16.0,16.0,32.77,Derecha
-0.32,-0.05,0.85,16.0,16.0,-16.0,32.75,Abajo
-0.89,0.04,0.6,8.9,16.0,-16.0,32.71,Izquierda
-0.46,-0.19,-0.48,3.8,16.0,-16.0,32.73,PosiciÃÂ³n No VÃÂ¡lida
-0.94,0.19,-0.18,-16.0,-16.0,16.0,32.73,Izquierda
-0.07,0.19,1.03,16.0,-16.0,-16.0,32.75,Abajo
0.26,0.14,0.62,-16.0,-16.0,16.0,32.77,PosiciÃÂ³n No VÃÂ¡lida
1.04,0.14,0.26,-6.63,-16.0,16.0,32.75,Derecha
0.46,0.18,0.91,-16.0,16.0,16.0,32.76,Abajo
-0.46,0.18,0.82,16.0,16.0,-16.0,32.74,Abajo
-0.89,0.04,0.18,16.0,16.0,-4.1,32.78,Izquierda
-0.45,-0.09,-0.95,-16.0,-16.0,16.0,32.74,PosiciÃÂ³n No VÃÂ¡lida
-0.58,0.2,0.48,16.0,-16.0,16.0,32.74,Izquierda
0.25,0.85,0.98,16.0,-16.0,-16.0,32.71,Abajo
0.12,0.55,-0.03,16.0,13.4,16.0,32.76,Frente
-0.04,0.97,-0.05,-16.0,-6.47,-16.0,32.78,Frente
-0.4,0.29,0.53,-16.0,-16.0,16.0,32.73,PosiciÃÂ³n No VÃÂ¡lida
-0.28,-0.94,0.87,-16.0,16.0,16.0,32.74,Abajo
-0.2,-0.51,-0.6,-16.0,16.0,-16.0,32.75,AtrÃÂ¡s
-0.43,-0.61,0.22,16.0,-16.0,-15.12,32.73,AtrÃÂ¡s
-0.42,0.36,0.82,16.0,-16.0,14.63,32.75,Abajo
-0.0,0.61,0.62,16.0,16.0,16.0,32.72,Frente
-0.05,0.99,-0.52,-16.0,-16.0,-16.0,32.73,Frente
-0.36,0.61,0.38,-16.0,-16.0,-15.51,32.74,Frente
0.15,0.1,1.33,-16.0,-16.0,16.0,32.73,Abajo
0.6,0.39,0.29,-16.0,-16.0,16.0,32.77,Derecha
0.93,0.19,0.38,-16.0,16.0,-16.0,32.74,Derecha
0.05,-0.24,0.24,-16.0,16.0,-16.0,32.78,PosiciÃÂ³n No VÃÂ¡lida
-1.03,0.23,0.67,-16.0,16.0,-16.0,32.74,Izquierda
-0.4,-0.01,-0.35,11.81,16.0,-16.0,32.71,PosiciÃÂ³n No VÃÂ¡lida
-0.84,0.07,-0.27,-16.0,-16.0,0.01,32.73,Izquierda
0.09,0.13,1.3,16.0,-16.0,10.63,32.77,Abajo
0.73,0.17,0.56,-16.0,-16.0,16.0,32.72,Derecha
0.68,0.13,0.09,16.0,-16.0,5.62,32.72,Derecha
0.48,0.27,0.68,-16.0,16.0,-7.56,32.72,PosiciÃÂ³n No VÃÂ¡lida
-0.09,0.35,0.86,16.0,16.0,-16.0,32.75,Abajo
-0.18,0.76,0.48,16.0,16.0,16.0,32.73,Frente
-0.31,0.95,0.2,-16.0,-16.0,-16.0,32.77,Frente
-0.23,0.24,0.66,-16.0,-16.0,16.0,32.74,PosiciÃÂ³n No VÃÂ¡lida
-0.1,-0.97,0.45,-16.0,16.0,16.0,32.73,AtrÃÂ¡s
-0.22,-0.78,-0.43,16.0,16.0,-16.0,32.75,AtrÃÂ¡s
-0.07,-0.81,1.15,16.0,-16.0,-16.0,32.73,Abajo
-0.08,0.61,0.68,16.0,16.0,-16.0,32.75,Frente
-0.01,0.62,0.03,16.0,16.0,16.0,32.75,Frente
-0.14,0.78,-0.17,-16.0,-16.0,-16.0,32.75,Frente
0.01,0.52,0.67,-16.0,16.0,16.0,32.71,Frente
0.39,0.08,0.92,-16.0,-16.0,16.0,32.76,Abajo
0.86,-0.1,0.2,16.0,-16.0,-16.0,32.7,Derecha
0.13,0.18,1.32,-16.0,16.0,16.0,32.75,Abajo
-0.65,0.25,0.64,16.0,16.0,16.0,32.71,Izquierda
-0.35,0.0,0.13,16.0,16.0,-16.0,32.74,PosiciÃÂ³n No VÃÂ¡lida
-0.68,0.41,-0.5,-16.0,-16.0,16.0,32.73,Izquierda
0.07,0.24,0.99,16.0,-16.0,16.0,32.73,Abajo
0.66,0.27,0.76,-0.47,16.0,16.0,32.72,Derecha
0.05,0.18,1.6,2.36,16.0,-16.0,32.73,Abajo
-1.45,0.0,-0.05,-16.0,16.0,-16.0,32.74,Izquierda
-0.44,-0.33,-0.94,-16.0,-16.0,16.0,32.71,PosiciÃÂ³n No VÃÂ¡lida
-0.55,0.22,1.33,16.0,-16.0,16.0,32.72,Abajo
0.47,0.39,0.22,16.0,-16.0,16.0,32.75,PosiciÃÂ³n No VÃÂ¡lida
0.93,0.24,-0.11,-16.0,15.75,16.0,32.73,Derecha
0.23,0.29,1.41,-16.0,16.0,-16.0,32.75,Abajo
-0.18,0.37,1.28,10.13,16.0,16.0,32.73,Abajo
-0.44,0.03,0.3,-16.0,16.0,-16.0,32.74,PosiciÃÂ³n No VÃÂ¡lida
-1.16,-0.62,-0.64,-16.0,-16.0,16.0,32.73,AtrÃÂ¡s
-0.4,0.51,0.88,16.0,-16.0,16.0,32.73,Abajo
0.25,1.14,0.15,16.0,-13.24,-16.0,32.74,Frente
-0.01,0.95,-0.26,16.0,16.0,-16.0,32.75,Frente
-0.05,0.72,-0.05,-16.0,-16.0,16.0,32.74,Frente
0.42,0.29,1.5,-16.0,16.0,-16.0,32.73,Abajo
-0.06,-0.5,0.73,-16.0,16.0,16.0,32.73,PosiciÃÂ³n No VÃÂ¡lida
-0.07,-0.85,-0.44,-16.0,16.0,12.19,32.74,AtrÃÂ¡s
-0.45,-0.19,0.71,16.0,-16.0,16.0,32.76,PosiciÃÂ³n No VÃÂ¡lida
-0.1,0.78,0.92,16.0,-16.0,-7.17,32.74,Abajo
0.13,0.75,0.03,16.0,16.0,16.0,32.74,Frente
-0.65,0.85,-0.48,-16.0,-16.0,-16.0,32.75,Frente
-0.07,0.01,1.47,-16.0,-16.0,-16.0,32.73,Abajo
-0.17,-1.15,0.34,-16.0,-16.0,16.0,32.74,AtrÃÂ¡s
0.01,-0.81,-0.8,-14.18,16.0,-5.22,32.73,AtrÃÂ¡s
-0.13,-0.29,0.28,16.0,-16.0,-16.0,32.74,PosiciÃÂ³n No VÃÂ¡lida
0.06,-0.02,1.91,16.0,16.0,1.66,32.74,Abajo
-0.33,0.61,0.43,-16.0,16.0,0.97,32.73,Frente
-0.72,0.54,0.26,-16.0,16.0,-16.0,32.75,Frente
-0.55,0.29,-0.18,-16.0,-16.0,16.0,32.75,Izquierda
0.38,0.58,0.22,-16.0,-16.0,16.0,32.73,Frente
0.48,0.33,-0.08,-1.35,-16.0,16.0,32.74,PosiciÃÂ³n No VÃÂ¡lida
0.6,0.13,-0.01,16.0,16.0,-16.0,32.73,Derecha
-0.32,-0.28,1.53,-16.0,16.0,-16.0,32.72,Abajo
-1.08,0.14,-0.25,-16.0,16.0,-16.0,32.7,Izquierda
0.01,-0.55,-1.19,-16.0,16.0,-12.69,32.71,AtrÃÂ¡s
-1.06,-0.04,0.11,16.0,-16.0,16.0,32.73,Izquierda
0.28,0.64,0.79,16.0,-16.0,-16.0,32.71,Frente
0.29,1.04,-0.17,16.0,-16.0,-16.0,32.71,Frente
-0.07,1.0,0.23,-16.0,16.0,-16.0,32.73,Frente
-0.27,0.04,1.32,-16.0,16.0,-7.81,32.72,Abajo
-0.34,-0.17,-0.8,-16.0,16.0,16.0,32.73,PosiciÃÂ³n No VÃÂ¡lida
-0.38,-0.45,-0.88,16.0,-16.0,-16.0,32.73,PosiciÃÂ³n No VÃÂ¡lida
-0.66,-0.24,1.22,16.0,-16.0,-16.0,32.72,Abajo
0.12,1.09,0.76,16.0,-5.72,7.17,32.73,Frente
0.01,0.73,-0.37,16.0,16.0,13.27,32.74,Frente
-0.2,0.85,-0.43,-16.0,-16.0,15.27,32.7,Frente
0.13,0.71,0.85,-16.0,-16.0,16.0,32.72,Abajo
0.26,-0.24,0.51,-16.0,-16.0,16.0,32.71,PosiciÃÂ³n No VÃÂ¡lida
0.21,-1.15,-0.04,-16.0,16.0,16.0,32.71,AtrÃÂ¡s
-0.14,-0.45,0.23,16.0,16.0,-16.0,32.72,PosiciÃÂ³n No VÃÂ¡lida
-0.11,0.75,0.72,16.0,16.0,-16.0,32.7,Frente
0.15,0.99,0.13,16.0,-16.0,5.36,32.71,Frente
0.18,1.15,-0.45,-16.0,6.52,11.56,32.72,Frente
0.31,1.04,0.3,-16.0,16.0,16.0,32.72,Frente
0.23,-0.13,1.14,-16.0,16.0,16.0,32.72,Abajo
-0.0,-0.71,0.2,-16.0,-16.0,16.0,32.7,AtrÃÂ¡s
0.16,-0.57,0.22,16.0,14.68,-16.0,32.71,AtrÃÂ¡s
-0.06,0.13,1.35,16.0,-16.0,-16.0,32.73,Abajo
-0.18,0.64,0.29,16.0,-16.0,16.0,32.71,Frente
0.17,0.71,0.11,16.0,-5.94,-16.0,32.72,Frente
0.09,1.17,-0.08,-16.0,-13.69,16.0,32.7,Frente
0.09,0.54,0.83,-16.0,0.27,16.0,32.72,Abajo
-0.05,-0.69,0.8,-16.0,-14.59,16.0,32.75,Abajo
0.1,-0.96,0.19,-16.0,-16.0,-12.59,32.72,AtrÃÂ¡s
0.07,-0.34,0.44,16.0,16.0,-16.0,32.71,PosiciÃÂ³n No VÃÂ¡lida
-0.16,0.44,0.97,16.0,-16.0,-3.22,32.75,Abajo
-0.14,0.95,-0.3,16.0,16.0,-4.93,32.73,Frente
0.05,1.14,0.11,-16.0,-16.0,16.0,32.73,Frente
0.22,0.08,0.81,-16.0,16.0,16.0,32.71,Abajo
1.04,0.03,1.05,-16.0,-16.0,-4.29,32.72,Abajo
0.55,-0.02,-0.01,-16.0,-16.0,-2.98,32.7,Derecha
0.92,0.0,-0.18,-16.0,16.0,-12.29,32.7,Derecha
0.12,-0.13,0.59,-16.0,16.0,16.0,32.73,PosiciÃÂ³n No VÃÂ¡lida
-0.43,0.1,1.0,16.0,16.0,-16.0,32.69,Abajo
-0.64,0.23,0.24,16.0,16.0,-16.0,32.71,Izquierda
-1.02,-0.08,-0.57,-0.76,1.59,3.22,32.71,Izquierda
-0.53,0.04,-0.02,-16.0,-16.0,16.0,32.72,Izquierda
0.02,0.42,0.88,-16.0,-16.0,16.0,32.71,Abajo
0.18,0.05,0.81,-16.0,-16.0,16.0,32.69,Abajo
0.83,0.15,0.15,16.0,-16.0,-16.0,32.72,Derecha
0.57,-0.01,0.3,-16.0,16.0,-16.0,32.71,Derecha
0.29,0.29,0.82,16.0,-16.0,-16.0,32.73,Abajo
-0.1,1.12,0.45,16.0,16.0,-16.0,32.71,Frente
-0.02,0.91,-0.05,-16.0,6.1,-16.0,32.72,Frente
-0.35,0.76,0.53,-16.0,-16.0,-16.0,32.71,Frente
-0.22,-0.48,0.93,-16.0,-16.0,15.51,32.71,Abajo
-0.2,-0.5,0.52,-16.0,6.37,16.0,32.73,AtrÃÂ¡s
-0.29,-0.9,-0.32,-16.0,16.0,9.04,32.72,AtrÃÂ¡s
-0.25,-0.58,-0.03,16.0,-16.0,-16.0,32.74,AtrÃÂ¡s
0.07,-0.1,1.16,16.0,-16.0,-16.0,32.75,Abajo
0.25,0.37,0.97,16.0,-16.0,16.0,32.71,Abajo
0.87,0.12,0.01,1.98,-16.0,10.05,32.7,Derecha
1.1,0.18,0.01,-9.75,16.0,-0.98,32.74,Derecha
0.07,0.11,0.6,-16.0,16.0,16.0,32.71,PosiciÃÂ³n No VÃÂ¡lida
-0.7,0.09,0.77,16.0,16.0,-16.0,32.7,Izquierda
-0.69,0.08,0.1,16.0,16.0,-16.0,32.73,Izquierda
-0.91,-0.14,-0.44,-16.0,16.0,-16.0,32.7,Izquierda
-0.82,0.27,-0.28,-16.0,-16.0,16.0,32.7,Izquierda
-0.39,0.31,0.97,-16.0,-16.0,-8.9,32.72,Abajo
0.07,0.83,0.49,16.0,-16.0,-16.0,32.7,Frente
-0.02,0.98,-0.09,16.0,16.0,-6.73,32.7,Frente
-0.0,0.75,0.2,-16.0,-16.0,-16.0,32.72,Frente
-0.13,0.58,0.43,-16.0,-16.0,-15.75,32.71,Frente
0.04,-0.85,1.11,-16.0,2.6,16.0,32.73,Abajo
-0.35,-0.85,-0.11,-16.0,-4.0,-16.0,32.71,AtrÃÂ¡s
-0.1,-1.08,-0.41,16.0,2.83,4.34,32.72,AtrÃÂ¡s
-0.3,-0.08,0.53,16.0,16.0,16.0,32.69,PosiciÃÂ³n No VÃÂ¡lida
-0.04,0.01,1.08,16.0,-16.0,-5.47,32.71,Abajo
0.36,0.49,0.25,-16.0,-16.0,16.0,32.7,PosiciÃÂ³n No VÃÂ¡lida
1.1,0.02,0.13,-16.0,4.75,-1.22,32.71,Derecha
0.45,0.45,0.73,-10.85,16.0,-12.1,32.72,PosiciÃÂ³n No VÃÂ¡lida
-0.43,0.29,0.56,16.0,16.0,-14.59,32.71,PosiciÃÂ³n No VÃÂ¡lida
-1.08,0.19,0.1,16.0,16.0,-16.0,32.71,Izquierda
-0.67,-0.16,-0.83,-16.0,-1.84,-5.99,32.73,Izquierda
-0.94,0.36,0.08,-16.0,-16.0,16.0,32.72,Izquierda
0.21,0.41,0.81,-16.0,-16.0,16.0,32.73,Abajo
0.63,-0.16,0.22,16.0,-16.0,16.0,32.72,Derecha
0.69,-0.03,-0.09,16.0,16.0,-16.0,32.73,Derecha
0.24,-0.09,1.49,16.0,-16.0,-16.0,32.71,Abajo
-0.48,1.07,0.42,16.0,16.0,16.0,32.72,Frente
0.19,0.85,-0.31,16.0,-16.0,16.0,32.72,Frente
-0.31,1.24,0.73,-16.0,16.0,-16.0,32.73,Frente
-0.41,-0.69,0.66,-16.0,-16.0,-16.0,32.72,AtrÃÂ¡s
-0.16,-0.52,-0.43,-16.0,12.72,16.0,32.7,AtrÃÂ¡s
-0.34,-1.11,-0.17,16.0,16.0,-16.0,32.72,AtrÃÂ¡s
0.18,0.57,2.0,16.0,-16.0,-16.0,32.71,Abajo
-0.01,1.08,0.12,16.0,7.23,16.0,32.71,Frente
0.08,0.79,-0.36,16.0,-6.47,16.0,32.7,Frente
-0.21,1.03,0.17,-16.0,16.0,-16.0,32.74,Frente
-0.64,0.13,0.96,-16.0,16.0,-16.0,32.68,Abajo
-0.25,-0.99,-0.21,-16.0,16.0,16.0,32.68,AtrÃÂ¡s
-0.32,-0.56,-0.94,16.0,-16.0,-16.0,32.7,AtrÃÂ¡s
-0.58,-0.05,0.49,16.0,-16.0,16.0,32.71,Izquierda
-0.15,0.74,0.65,16.0,-16.0,16.0,32.71,Frente
-0.0,0.86,-0.41,16.0,9.29,16.0,32.71,Frente
-0.26,1.37,-0.25,-16.0,6.86,-16.0,32.7,Frente
-0.26,0.56,0.9,-16.0,16.0,-16.0,32.68,Abajo
-0.19,-0.45,-0.16,-16.0,16.0,16.0,32.68,PosiciÃÂ³n No VÃÂ¡lida
-0.69,-0.74,-0.91,14.99,6.44,-16.0,32.69,AtrÃÂ¡s
-0.47,-0.22,0.03,16.0,-16.0,16.0,32.7,PosiciÃÂ³n No VÃÂ¡lida
-0.3,0.37,0.88,16.0,-16.0,16.0,32.71,Abajo
0.02,0.84,0.01,16.0,-15.95,16.0,32.7,Frente
-0.11,0.9,-0.02,-16.0,16.0,-16.0,32.69,Frente
-0.47,0.66,0.74,-16.0,1.11,-16.0,32.7,Frente
-0.58,-0.92,0.73,-16.0,16.0,-16.0,32.68,AtrÃÂ¡s
-0.34,-0.82,-0.82,-16.0,16.0,16.0,32.72,AtrÃÂ¡s
-0.02,-0.29,-0.01,16.0,-16.0,-16.0,32.72,PosiciÃÂ³n No VÃÂ¡lida
-0.04,0.03,1.04,16.0,-16.0,-16.0,32.68,Abajo
-0.02,0.65,0.18,16.0,-16.0,-16.0,32.69,Frente
-0.17,1.2,0.05,16.0,-16.0,16.0,32.69,Frente
-0.3,0.86,0.71,-16.0,16.0,-16.0,32.7,Frente
-0.28,-0.83,0.88,-16.0,16.0,16.0,32.72,Abajo
-0.52,-0.8,-0.51,-16.0,16.0,16.0,32.69,AtrÃÂ¡s
-0.49,-0.59,-0.21,16.0,-16.0,-16.0,32.7,AtrÃÂ¡s
-0.18,0.28,1.63,16.0,-16.0,-16.0,32.68,Abajo
0.26,0.86,0.13,16.0,16.0,10.73,32.7,Frente
-0.06,1.05,-0.08,16.0,-16.0,16.0,32.67,Frente
-0.34,0.88,0.43,-16.0,16.0,-16.0,32.71,Frente
0.39,0.28,1.69,-12.1,-16.0,16.0,32.69,Abajo
0.81,0.02,0.41,-16.0,-16.0,-7.95,32.7,Derecha
0.58,-0.01,-0.08,13.5,16.0,-16.0,32.72,Derecha
0.03,-0.15,1.43,16.0,16.0,-16.0,32.73,Abajo
-0.98,0.26,0.55,15.9,16.0,-16.0,32.7,Izquierda
-0.29,0.04,-0.43,-16.0,16.0,-16.0,32.7,PosiciÃÂ³n No VÃÂ¡lida
-1.02,0.58,0.16,-16.0,-16.0,16.0,32.7,Frente
0.69,0.44,1.08,-16.0,-16.0,16.0,32.7,Abajo
0.67,-0.05,0.08,-16.0,-16.0,6.05,32.74,Derecha
0.69,-0.25,0.11,16.0,16.0,-16.0,32.73,Derecha
-0.48,-0.16,1.15,16.0,16.0,-16.0,32.72,Abajo
-0.54,0.42,-0.57,16.0,16.0,-16.0,32.71,Izquierda
-0.59,-0.18,-0.62,3.71,-16.0,15.22,32.7,Izquierda
-1.47,0.48,0.64,16.0,-16.0,16.0,32.71,Izquierda
0.14,0.23,1.24,-16.0,-16.0,-16.0,32.71,Abajo
1.23,0.1,0.15,-16.0,-16.0,16.0,32.71,Derecha
0.22,-0.08,-0.12,-16.0,16.0,16.0,32.71,PosiciÃÂ³n No VÃÂ¡lida
0.91,0.05,0.42,-16.0,16.0,16.0,32.74,Derecha
0.06,0.16,1.01,16.0,11.37,-16.0,32.73,Abajo
-0.07,0.98,0.52,16.0,16.0,-16.0,32.72,Frente
0.11,0.95,-0.48,16.0,-16.0,16.0,32.71,Frente
0.31,1.05,0.25,-16.0,16.0,-16.0,32.72,Frente
0.16,-1.01,1.88,-16.0,16.0,-1.07,32.71,Abajo
-0.4,-0.59,-0.3,-16.0,16.0,16.0,32.7,AtrÃÂ¡s
0.0,-0.66,-0.69,16.0,-16.0,-16.0,32.72,AtrÃÂ¡s
-0.29,-0.18,1.23,16.0,-16.0,-16.0,32.71,Abajo
-0.16,0.83,0.5,16.0,16.0,16.0,32.71,Frente
0.16,0.93,-0.46,16.0,-16.0,16.0,32.7,Frente
0.02,0.68,0.06,-16.0,16.0,-16.0,32.72,Frente
-0.78,0.63,0.75,-16.0,-11.51,-16.0,32.7,Frente
0.01,-0.88,0.62,-16.0,16.0,-12.06,32.7,AtrÃÂ¡s
-1.05,-0.96,-0.4,-16.0,16.0,16.0,32.73,AtrÃÂ¡s
-0.29,-0.31,0.42,16.0,-16.0,-16.0,32.7,PosiciÃÂ³n No VÃÂ¡lida
-0.12,0.17,0.82,16.0,11.3,-10.83,32.7,Abajo
0.05,0.98,0.27,16.0,-9.4,16.0,32.7,Frente
-0.19,0.98,-0.44,-16.0,-16.0,-16.0,32.72,Frente
-0.31,1.0,0.28,-16.0,-16.0,16.0,32.7,Frente
-0.03,-1.15,1.3,-16.0,-10.61,-16.0,32.7,Abajo
-0.39,-0.43,-0.06,-16.0,16.0,16.0,32.7,PosiciÃÂ³n No VÃÂ¡lida
0.17,-0.55,0.6,16.0,-16.0,-16.0,32.73,AtrÃÂ¡s
0.04,-0.3,1.52,16.0,-16.0,-16.0,32.73,Abajo
-0.29,0.58,0.57,16.0,16.0,16.0,32.69,Frente
-0.25,0.82,0.28,-16.0,-11.66,-16.0,32.71,Frente
0.03,0.53,0.44,-16.0,-16.0,-16.0,32.71,Frente
-0.04,-0.98,1.24,-16.0,16.0,-11.61,32.7,Abajo
-0.43,-0.73,-0.6,16.0,-5.83,16.0,32.72,AtrÃÂ¡s
-0.52,-0.59,0.81,16.0,-16.0,16.0,32.72,Abajo
-0.11,0.43,1.28,16.0,12.91,16.0,32.68,Abajo
-0.06,0.62,0.34,16.0,16.0,16.0,32.71,Frente
0.01,0.63,-0.1,0.5,7.78,-11.95,32.72,Frente
-0.04,1.02,0.28,-16.0,16.0,-16.0,32.7,Frente
-0.58,-0.08,0.76,-16.0,-16.0,-16.0,32.73,Izquierda
-0.36,-0.74,-0.01,-16.0,7.08,-16.0,32.69,AtrÃÂ¡s
-0.12,-0.92,-0.09,16.0,-16.0,16.0,32.7,AtrÃÂ¡s
-0.23,-0.72,0.04,16.0,7.23,-16.0,32.68,AtrÃÂ¡s
-0.09,1.06,0.55,16.0,16.0,16.0,32.72,Frente
0.41,0.61,0.41,-16.0,16.0,4.58,32.68,Frente
-0.15,0.68,0.45,-16.0,12.75,-16.0,32.71,Frente
-0.03,-0.17,2.0,16.0,-16.0,-16.0,32.7,Abajo
0.62,0.06,0.26,-16.0,-16.0,-16.0,32.68,Derecha
0.95,-0.06,-0.0,16.0,16.0,-16.0,32.69,Derecha
0.1,0.17,0.64,16.0,16.0,-16.0,32.69,PosiciÃÂ³n No VÃÂ¡lida
-1.32,0.43,1.03,16.0,16.0,-16.0,32.72,Abajo
-0.15,-0.05,-0.03,-16.0,16.0,-16.0,32.7,PosiciÃÂ³n No VÃÂ¡lida
-1.08,0.09,-0.52,-16.0,-16.0,16.0,32.7,Izquierda
-0.46,0.13,0.74,16.0,-16.0,16.0,32.71,PosiciÃÂ³n No VÃÂ¡lida
0.83,0.31,1.33,-16.0,-16.0,16.0,32.7,Abajo
0.26,0.0,-0.45,-16.0,-16.0,16.0,32.71,PosiciÃÂ³n No VÃÂ¡lida
1.0,0.16,0.3,-16.0,16.0,-16.0,32.7,Derecha
-0.64,0.34,0.84,16.0,16.0,-16.0,32.72,Abajo
-1.01,0.25,-0.33,16.0,16.0,-16.0,32.72,Izquierda
-0.84,-0.08,-1.07,-14.61,2.08,2.73,32.72,Izquierda
-0.61,0.3,-0.04,-16.0,-16.0,16.0,32.66,Izquierda
0.39,1.15,0.9,16.0,-16.0,-16.0,32.68,Abajo
-0.03,0.86,0.05,16.0,16.0,-16.0,32.67,Frente
0.17,1.06,-0.34,-16.0,-8.27,-16.0,32.68,Frente
-0.18,0.57,0.35,-16.0,16.0,-16.0,32.7,Frente
-0.82,-0.97,0.87,-16.0,10.66,-0.21,32.73,Abajo
-0.33,-0.26,-0.11,-16.0,16.0,16.0,32.65,PosiciÃÂ³n No VÃÂ¡lida
0.01,-0.53,-1.42,15.99,-16.0,16.0,32.7,AtrÃÂ¡s
-0.93,0.09,1.3,16.0,-16.0,16.0,32.68,Abajo
-0.12,0.98,0.5,16.0,16.0,-14.59,32.7,Frente
-0.35,0.89,-0.24,1.32,-16.0,9.32,32.68,Frente
-0.19,0.95,0.6,-16.0,-5.11,-16.0,32.67,Frente
-0.35,-0.95,1.13,-16.0,16.0,0.78,32.69,Abajo
-0.05,-0.72,0.03,-16.0,16.0,16.0,32.73,AtrÃÂ¡s
0.05,-0.78,0.71,16.0,-16.0,-16.0,32.68,AtrÃÂ¡s
0.33,0.19,1.41,16.0,-16.0,-16.0,32.69,Abajo
0.1,0.92,0.25,16.0,16.0,16.0,32.69,Frente
0.09,0.82,-0.12,-16.0,16.0,-16.0,32.71,Frente
-0.23,0.69,0.33,-16.0,16.0,-16.0,32.68,Frente
-1.27,0.45,0.29,-10.93,16.0,-16.0,32.71,Izquierda
-0.2,-0.41,-0.6,13.22,16.0,-16.0,32.67,PosiciÃÂ³n No VÃÂ¡lida
-0.62,-0.27,-0.46,-16.0,-16.0,16.0,32.68,Izquierda
-0.47,0.52,0.65,16.0,-16.0,16.0,32.69,Frente
0.45,0.82,0.61,16.0,-16.0,16.0,32.68,Frente
0.72,0.66,0.31,-16.0,-16.0,16.0,32.71,Frente
0.8,0.18,0.04,-16.0,-16.0,16.0,32.7,Derecha
0.42,0.14,0.7,16.0,16.0,-16.0,32.68,PosiciÃÂ³n No VÃÂ¡lida
-0.47,0.22,0.72,16.0,16.0,-14.34,32.68,PosiciÃÂ³n No VÃÂ¡lida
-0.69,0.0,-0.02,16.0,16.0,-16.0,32.7,Izquierda
-0.85,-0.18,-0.89,16.0,16.0,-16.0,32.68,Izquierda
-1.03,-0.01,-0.92,-16.0,-16.0,-16.0,32.67,Izquierda
-0.43,-0.18,-0.15,-16.0,-16.0,-16.0,32.7,PosiciÃÂ³n No VÃÂ¡lida
-0.09,-1.13,0.02,16.0,16.0,-4.1,32.65,AtrÃÂ¡s
-0.32,-0.22,0.87,16.0,-16.0,14.68,32.69,Abajo
0.18,0.32,0.95,16.0,-16.0,-16.0,32.68,Abajo
0.19,0.8,0.45,16.0,-16.0,16.0,32.66,Frente
0.08,0.77,-0.08,-16.0,16.0,-16.0,32.7,Frente
-0.38,0.15,0.94,-16.0,16.0,-16.0,32.67,Abajo
-0.3,-0.64,-0.37,-16.0,-15.2,-16.0,32.68,AtrÃÂ¡s
-0.29,-1.32,-0.03,16.0,-16.0,-16.0,32.7,AtrÃÂ¡s
-0.59,0.26,0.72,16.0,-16.0,16.0,32.71,Izquierda
0.07,0.76,0.67,16.0,-16.0,3.56,32.66,Frente
-0.21,1.07,-0.17,16.0,-16.0,16.0,32.67,Frente
-0.2,0.77,0.4,-16.0,16.0,-16.0,32.68,Frente
-0.6,-0.44,0.07,-16.0,16.0,1.56,32.7,Izquierda
-0.18,-0.68,0.25,16.0,-16.0,-16.0,32.68,AtrÃÂ¡s
-0.48,-0.4,0.67,16.0,-16.0,14.68,32.71,PosiciÃÂ³n No VÃÂ¡lida
-0.23,0.55,0.51,16.0,-16.0,16.0,32.69,Frente
-0.05,0.75,-0.33,16.0,12.2,16.0,32.68,Frente
0.13,1.5,-0.5,-16.0,-16.0,-16.0,32.67,Frente
-0.35,0.74,0.08,-16.0,-16.0,16.0,32.66,Frente
-0.56,-0.52,1.44,-16.0,16.0,-16.0,32.68,Abajo
-0.38,-0.89,0.09,-16.0,16.0,8.58,32.69,AtrÃÂ¡s
-0.08,-1.09,-0.76,16.0,-16.0,-16.0,32.69,AtrÃÂ¡s
0.05,-0.2,-0.8,16.0,15.4,-16.0,32.67,PosiciÃÂ³n No VÃÂ¡lida
-0.14,0.8,1.06,16.0,16.0,16.0,32.68,Abajo
-0.16,1.13,-0.13,16.0,16.0,16.0,32.68,Frente
0.11,0.82,-0.33,-16.0,9.87,-16.0,32.69,Frente
-0.03,1.21,0.28,-16.0,7.53,-16.0,32.69,Frente
0.09,-0.05,1.2,-16.0,-16.0,16.0,32.68,Abajo
0.52,-0.2,0.24,-15.45,-16.0,12.68,32.7,Derecha
0.49,0.04,0.13,16.0,16.0,-16.0,32.67,PosiciÃÂ³n No VÃÂ¡lida
-0.01,0.6,0.51,16.0,16.0,-16.0,32.68,Frente
-0.68,0.41,0.63,16.0,16.0,-16.0,32.66,Izquierda
-0.53,-0.12,-1.09,-16.0,16.0,-16.0,32.68,Izquierda
-0.87,0.34,0.44,-16.0,-16.0,16.0,32.65,Izquierda
0.31,0.53,1.48,-13.68,-16.0,16.0,32.7,Abajo
0.49,0.45,0.18,-16.0,-16.0,-0.0,32.67,PosiciÃÂ³n No VÃÂ¡lida
0.92,-0.08,0.14,5.28,-16.0,16.0,32.69,Derecha
0.36,0.33,0.5,16.0,16.0,-16.0,32.66,PosiciÃÂ³n No VÃÂ¡lida
-0.11,0.81,1.37,16.0,-16.0,16.0,32.71,Abajo
-0.11,0.73,0.08,16.0,16.0,16.0,32.69,Frente
-0.04,1.07,-0.58,-16.0,-16.0,-16.0,32.68,Frente
-0.0,0.93,-0.04,-16.0,3.72,-16.0,32.68,Frente
-0.24,-1.15,1.33,-16.0,16.0,16.0,32.69,Abajo
-0.31,-0.93,-0.17,-16.0,16.0,-16.0,32.68,AtrÃÂ¡s
-0.08,-0.86,-0.49,16.0,-16.0,-16.0,32.68,AtrÃÂ¡s
-0.62,-0.3,0.72,16.0,-16.0,16.0,32.68,Izquierda
-0.01,0.21,0.97,16.0,16.0,-16.0,32.67,Abajo
-0.1,0.51,0.41,16.0,11.82,16.0,32.65,Frente
-0.09,0.72,-0.48,-16.0,16.0,-16.0,32.65,Frente
-0.28,1.13,0.37,-16.0,-16.0,-16.0,32.68,Frente
-0.61,-0.06,1.37,-9.87,16.0,-16.0,32.66,Abajo
-0.59,-0.17,0.02,8.73,16.0,-16.0,32.69,Izquierda
-0.62,-0.11,-0.81,-16.0,-16.0,16.0,32.68,Izquierda
-0.45,0.32,0.33,1.7,-16.0,-16.0,32.65,PosiciÃÂ³n No VÃÂ¡lida
-0.17,0.06,1.23,16.0,-16.0,4.73,32.67,Abajo
0.65,-0.03,0.73,-16.0,-16.0,16.0,32.66,Derecha
0.8,-0.23,-0.09,-16.0,-16.0,-16.0,32.69,Derecha
0.23,0.36,0.84,0.73,16.0,-16.0,32.67,Abajo
-0.78,0.2,0.74,16.0,16.0,16.0,32.67,Izquierda
-0.43,-0.05,0.21,16.0,16.0,-16.0,32.64,PosiciÃÂ³n No VÃÂ¡lida
-0.65,-0.07,-1.12,-16.0,-16.0,16.0,32.68,Izquierda
-0.71,0.3,0.83,16.0,-16.0,14.75,32.68,Abajo
0.72,0.01,0.85,-16.0,-16.0,16.0,32.67,Abajo
0.79,-0.08,0.1,-16.0,-16.0,-1.86,32.68,Derecha
0.48,0.06,0.72,-16.0,16.0,-11.42,32.66,PosiciÃÂ³n No VÃÂ¡lida
0.45,0.18,1.74,16.0,-16.0,-16.0,32.66,Abajo
-0.22,0.98,0.34,16.0,16.0,-16.0,32.65,Frente
-0.03,0.78,-0.33,-16.0,-16.0,-3.71,32.67,Frente
-0.04,0.79,0.64,-16.0,-10.98,-16.0,32.67,Frente
-0.3,-0.85,0.49,-16.0,16.0,16.0,32.7,AtrÃÂ¡s
-0.21,-1.07,-0.05,-16.0,16.0,14.05,32.66,AtrÃÂ¡s
-0.11,-0.71,-0.34,16.0,-16.0,-16.0,32.66,AtrÃÂ¡s
-0.25,-0.07,0.39,16.0,-16.0,16.0,32.68,PosiciÃÂ³n No VÃÂ¡lida
-0.06,0.86,0.7,16.0,16.0,12.34,32.67,Frente
0.27,0.73,-0.46,16.0,0.01,16.0,32.69,Frente
0.03,0.77,-0.21,-16.0,16.0,-16.0,32.65,Frente
-0.41,0.26,1.12,-16.0,16.0,-16.0,32.68,Abajo
0.35,-0.65,1.16,16.0,-16.0,-16.0,32.67,Abajo
0.38,-0.15,-0.01,16.0,-16.0,-16.0,32.68,PosiciÃÂ³n No VÃÂ¡lida
0.87,0.06,0.03,16.0,16.0,-16.0,32.7,Derecha
0.15,0.08,1.27,16.0,16.0,-16.0,32.69,Abajo
-0.72,0.58,0.2,16.0,16.0,16.0,32.67,Frente
-0.65,0.34,-0.17,16.0,16.0,-16.0,32.67,Izquierda
-0.75,0.02,-0.56,-16.0,-16.0,16.0,32.7,Izquierda
-0.53,0.66,-0.19,16.0,-16.0,16.0,32.67,Frente
0.23,0.48,0.37,16.0,5.5,16.0,32.69,PosiciÃÂ³n No VÃÂ¡lida
-0.07,0.78,-0.16,-16.0,15.85,-16.0,32.67,Frente
-0.31,0.7,0.61,-16.0,16.0,-16.0,32.68,Frente
-0.3,-0.79,0.44,-16.0,16.0,-16.0,32.66,AtrÃÂ¡s
-0.16,-0.54,-0.44,-16.0,15.96,-16.0,32.66,AtrÃÂ¡s
-0.11,-0.8,-0.15,16.0,-16.0,-16.0,32.66,AtrÃÂ¡s
-0.29,-0.07,0.61,16.0,16.0,16.0,32.66,PosiciÃÂ³n No VÃÂ¡lida
-0.22,0.71,0.88,16.0,-15.57,12.68,32.69,Abajo
0.07,0.76,-0.12,16.0,16.0,16.0,32.68,Frente
-0.16,0.86,-0.03,-16.0,16.0,-16.0,32.68,Frente
-0.35,0.88,0.39,-16.0,16.0,-16.0,32.68,Frente
-1.07,0.17,0.31,16.0,16.0,-6.0,32.66,Izquierda
-0.11,-0.2,-0.82,-15.9,16.0,16.0,32.67,PosiciÃÂ³n No VÃÂ¡lida
-0.9,0.67,0.55,-16.0,-16.0,3.36,32.69,Frente
0.55,0.28,0.45,-16.0,-16.0,16.0,32.67,Derecha
0.68,-0.06,0.2,-15.91,11.52,4.1,32.66,Derecha
0.71,0.27,0.71,-16.0,16.0,16.0,32.72,Derecha
0.07,0.74,0.6,16.0,-16.0,-16.0,32.66,Frente
-0.71,-0.16,0.83,16.0,16.0,16.0,32.69,Abajo
-0.37,0.09,1.17,16.0,16.0,10.97,32.67,Abajo
-0.95,0.01,0.66,-16.0,16.0,16.0,32.67,Izquierda
-0.93,0.17,-0.31,16.0,16.0,-6.81,32.69,Izquierda
-0.42,0.02,0.5,-16.0,-16.0,-16.0,32.67,PosiciÃÂ³n No VÃÂ¡lida
1.25,0.28,1.27,16.0,-16.0,0.97,32.67,Abajo
0.08,0.49,0.71,16.0,16.0,-16.0,32.68,PosiciÃÂ³n No VÃÂ¡lida
-0.63,0.75,0.65,-16.0,16.0,16.0,32.66,Frente
-0.5,0.2,-0.82,-16.0,-16.0,16.0,32.68,PosiciÃÂ³n No VÃÂ¡lida
0.05,0.61,0.48,-16.0,16.0,-16.0,32.66,Frente
-0.27,0.11,0.76,-16.0,-15.93,-16.0,32.65,PosiciÃÂ³n No VÃÂ¡lida
-0.5,-0.04,0.62,-16.0,16.0,-16.0,32.66,PosiciÃÂ³n No VÃÂ¡lida
-0.45,0.15,1.21,-16.0,16.0,16.0,32.7,Abajo
-0.67,-0.15,-0.11,16.0,16.0,-16.0,32.68,Izquierda
-0.59,0.14,-0.55,-16.0,-16.0,16.0,32.69,Izquierda
0.72,0.3,0.86,-16.0,-16.0,16.0,32.67,Abajo
0.74,0.41,0.25,-16.0,-16.0,16.0,32.68,Derecha
0.84,-0.01,-0.1,16.0,16.0,-11.49,32.69,Derecha
-0.09,-0.09,0.63,16.0,16.0,-16.0,32.68,PosiciÃÂ³n No VÃÂ¡lida
-1.09,0.35,-0.2,-16.0,16.0,-16.0,32.68,Izquierda
-0.43,-0.2,-0.82,-16.0,-16.0,16.0,32.69,PosiciÃÂ³n No VÃÂ¡lida
-0.6,0.42,0.65,16.0,-16.0,16.0,32.68,Izquierda
0.49,0.61,0.49,16.0,-16.0,13.41,32.69,Frente
0.37,1.32,0.01,16.0,16.0,-16.0,32.68,Frente
0.07,0.78,-0.38,-16.0,16.0,0.19,32.68,Frente
-0.12,1.37,0.23,-16.0,14.27,-16.0,32.69,Frente
-0.42,-0.49,0.95,-16.0,16.0,-16.0,32.67,Abajo
-0.31,-1.1,-0.12,-16.0,16.0,-7.32,32.64,AtrÃÂ¡s
-0.19,-0.94,-0.72,16.0,-16.0,-16.0,32.69,AtrÃÂ¡s
-0.13,-0.44,1.03,16.0,-16.0,-16.0,32.67,Abajo
-0.11,0.81,0.96,16.0,10.21,-16.0,32.66,Abajo
-0.13,0.43,-0.01,16.0,16.0,16.0,32.69,PosiciÃÂ³n No VÃÂ¡lida
-0.38,1.06,0.25,-16.0,-11.32,-16.0,32.65,Frente
-0.31,-0.2,0.81,-16.0,-16.0,9.85,32.68,Abajo
-0.37,-0.01,1.24,-16.0,-16.0,16.0,32.67,Abajo
1.39,-0.08,0.56,10.94,-16.0,-12.05,32.66,Derecha
-0.25,0.54,0.76,16.0,16.0,-16.0,32.66,Frente
-1.17,-0.08,0.57,-16.0,16.0,-16.0,32.68,Izquierda
-0.1,-0.25,-0.84,-16.0,-8.12,11.41,32.68,PosiciÃÂ³n No VÃÂ¡lida
-1.2,0.39,0.53,-16.0,-16.0,16.0,32.68,Izquierda
0.49,0.46,0.67,-16.0,-16.0,16.0,32.66,PosiciÃÂ³n No VÃÂ¡lida
0.93,-0.03,-0.07,-16.0,-16.0,-16.0,32.69,Derecha
0.18,0.11,1.0,-16.0,16.0,16.0,32.68,Abajo
-0.79,-0.57,0.82,-16.0,16.0,-16.0,32.64,Abajo
-0.3,-0.33,-1.05,-16.0,-16.0,16.0,32.64,PosiciÃÂ³n No VÃÂ¡lida
-0.68,0.18,0.87,-16.0,-16.0,13.85,32.65,Abajo
1.29,-0.13,1.51,16.0,-16.0,-16.0,32.65,Abajo
0.91,0.14,0.14,-16.0,-16.0,15.95,32.66,Derecha
0.5,0.08,-0.12,16.0,16.0,-16.0,32.66,Derecha
-0.78,0.28,0.69,16.0,16.0,16.0,32.64,Izquierda
-0.57,-0.05,-0.35,16.0,16.0,15.27,32.66,Izquierda
-0.73,0.25,-0.96,-16.0,-16.0,-2.68,32.66,Izquierda
0.4,0.39,0.67,16.0,-16.0,16.0,32.68,PosiciÃÂ³n No VÃÂ¡lida
0.79,0.24,0.35,10.35,-16.0,2.88,32.65,Derecha
0.5,-0.04,0.04,16.0,16.0,16.0,32.67,Derecha
0.46,0.3,1.23,-16.0,16.0,-16.0,32.69,Abajo
0.1,0.84,0.72,16.0,-16.0,16.0,32.67,Frente
0.14,0.71,0.26,16.0,16.0,10.56,32.66,Frente
-0.21,0.7,-0.46,-16.0,-9.15,-6.1,32.66,Frente
-0.22,0.55,0.9,-16.0,-16.0,7.22,32.66,Abajo
-0.42,-0.91,0.74,-16.0,16.0,16.0,32.66,AtrÃÂ¡s
-0.16,-0.65,-0.69,-16.0,16.0,-6.2,32.67,AtrÃÂ¡s
-0.65,-0.73,1.36,16.0,-16.0,16.0,32.69,Abajo
-0.39,1.1,0.63,16.0,16.0,-1.61,32.7,Frente
-0.1,0.9,-0.61,16.0,16.0,16.0,32.66,Frente
-0.33,1.1,0.16,-16.0,-16.0,-16.0,32.67,Frente
-0.47,-0.35,0.89,-16.0,16.0,-16.0,32.69,Abajo
-0.41,-0.88,-0.15,-16.0,16.0,-16.0,32.67,AtrÃÂ¡s
-0.82,-0.67,0.4,16.0,-16.0,16.0,32.66,AtrÃÂ¡s
0.05,0.24,1.61,16.0,-16.0,-14.15,32.66,Abajo
-0.44,1.22,0.46,-16.0,16.0,-16.0,32.67,Frente
0.1,-0.11,-0.81,-16.0,16.0,-16.0,32.69,PosiciÃÂ³n No VÃÂ¡lida
-0.96,0.36,0.26,-16.0,-16.0,16.0,32.68,Izquierda
0.78,0.2,2.0,13.94,-16.0,16.0,32.66,Abajo
0.3,-0.03,-0.19,-16.0,-16.0,16.0,32.68,PosiciÃÂ³n No VÃÂ¡lida
0.83,0.35,0.96,16.0,16.0,16.0,32.67,Abajo
-0.55,0.42,0.8,16.0,16.0,9.66,32.68,Abajo
-0.87,0.21,0.76,-15.93,16.0,-16.0,32.65,Izquierda
-0.49,-0.17,-0.8,-16.0,-16.0,16.0,32.66,PosiciÃÂ³n No VÃÂ¡lida
-0.34,0.65,0.67,16.0,-16.0,16.0,32.67,Frente
0.42,1.06,0.3,16.0,16.0,15.93,32.63,Frente
-0.01,0.76,-0.46,-16.0,-2.55,-16.0,32.66,Frente
-0.15,1.41,0.45,-16.0,16.0,-16.0,32.69,Frente
-0.87,-0.79,0.68,-16.0,16.0,-11.65,32.67,AtrÃÂ¡s
-0.21,-0.71,-0.46,-16.0,16.0,0.68,32.65,AtrÃÂ¡s
-0.59,0.03,0.59,16.0,-16.0,16.0,32.66,Izquierda
-0.29,0.74,1.02,16.0,16.0,-16.0,32.65,Abajo
-0.74,0.45,0.11,-16.0,16.0,-16.0,32.69,Izquierda
-0.74,0.01,-1.2,-16.0,-16.0,16.0,32.68,Izquierda
-0.56,0.47,0.39,9.55,-16.0,16.0,32.66,Izquierda
0.1,0.44,1.29,-16.0,-16.0,16.0,32.65,Abajo
0.14,0.33,0.1,-16.0,-16.0,16.0,32.62,PosiciÃÂ³n No VÃÂ¡lida
0.94,0.08,0.21,-3.79,16.0,-16.0,32.68,Derecha
0.29,0.67,0.53,-16.0,16.0,-16.0,32.66,Frente
-1.2,0.13,0.26,16.0,16.0,16.0,32.67,Izquierda
-0.08,-0.02,-0.52,16.0,16.0,-16.0,32.68,PosiciÃÂ³n No VÃÂ¡lida
-0.64,0.4,-0.61,-16.0,-16.0,16.0,32.66,Izquierda
-1.04,0.29,0.01,-16.0,-16.0,16.0,32.65,Izquierda
-0.35,0.32,0.65,-6.66,-16.0,-10.73,32.67,PosiciÃÂ³n No VÃÂ¡lida
0.93,0.07,0.6,1.66,-16.0,16.0,32.68,Derecha
0.92,0.12,0.08,16.0,-16.0,-16.0,32.67,Derecha
0.44,-0.04,0.15,-16.0,16.0,-16.0,32.64,PosiciÃÂ³n No VÃÂ¡lida
0.17,0.04,1.24,-16.0,16.0,-16.0,32.67,Abajo
-0.18,0.95,0.98,16.0,-16.0,9.17,32.68,Abajo
0.07,0.79,-0.12,16.0,-4.77,16.0,32.66,Frente
-0.17,0.79,0.36,-16.0,16.0,-16.0,32.66,Frente
-0.19,-0.08,1.03,-16.0,-15.35,16.0,32.64,Abajo
-0.15,-0.72,0.01,-16.0,16.0,16.0,32.65,AtrÃÂ¡s
-0.35,-1.01,-0.42,-16.0,6.76,-7.12,32.7,AtrÃÂ¡s
-0.52,-0.71,0.93,16.0,-16.0,-16.0,32.67,Abajo
-0.11,0.4,1.01,16.0,-9.51,-16.0,32.69,Abajo
0.12,0.62,0.28,16.0,1.4,-0.39,32.66,Frente
-0.11,0.87,-0.09,-16.0,16.0,-16.0,32.67,Frente
-0.42,0.66,0.97,-16.0,-16.0,-16.0,32.64,Abajo
-0.28,-1.15,0.47,-16.0,16.0,16.0,32.66,AtrÃÂ¡s
-0.25,-0.85,0.14,16.0,-16.0,-16.0,32.65,AtrÃÂ¡s
0.21,-0.53,1.09,16.0,-16.0,-16.0,32.67,Abajo
-0.15,0.59,0.86,16.0,16.0,-16.0,32.7,Abajo
0.07,0.66,-0.11,16.0,-13.47,16.0,32.64,Frente
-0.11,0.99,-0.06,-16.0,15.93,-16.0,32.66,Frente
0.15,0.88,0.83,-16.0,16.0,16.0,32.67,Abajo
-0.59,-0.74,-0.22,-16.0,-16.0,-3.37,32.65,AtrÃÂ¡s
-0.01,-0.49,-0.04,16.0,-16.0,-16.0,32.66,PosiciÃÂ³n No VÃÂ¡lida
-0.24,0.23,0.89,16.0,16.0,-16.0,32.68,Abajo
-0.22,0.44,0.81,16.0,-16.0,-4.78,32.66,Abajo
0.17,0.91,0.0,16.0,7.68,16.0,32.69,Frente
0.02,0.66,0.45,-16.0,14.87,-16.0,32.68,Frente
-0.62,0.05,0.8,-16.0,16.0,16.0,32.69,Abajo
-0.2,-0.98,-0.02,-16.0,16.0,16.0,32.67,AtrÃÂ¡s
-0.22,-0.26,-0.47,16.0,-16.0,-16.0,32.65,PosiciÃÂ³n No VÃÂ¡lida
-0.25,-0.2,1.38,16.0,-16.0,-16.0,32.66,Abajo
0.32,1.26,0.29,16.0,-16.0,-4.88,32.65,Frente
0.02,0.93,0.23,-16.0,16.0,-16.0,32.66,Frente
-0.06,0.54,0.34,-16.0,16.0,-16.0,32.66,Frente
-0.35,0.41,0.65,-16.0,16.0,16.0,32.67,PosiciÃÂ³n No VÃÂ¡lida
-0.7,0.43,0.5,16.0,16.0,-16.0,32.65,Izquierda
-0.12,-0.01,-0.89,-16.0,16.0,-16.0,32.66,PosiciÃÂ³n No VÃÂ¡lida
-0.87,0.37,0.14,-16.0,-16.0,16.0,32.65,Izquierda
0.85,0.52,1.18,-16.0,-16.0,16.0,32.65,Abajo
0.41,-0.01,0.4,16.0,-16.0,16.0,32.66,PosiciÃÂ³n No VÃÂ¡lida
0.97,0.03,0.25,6.85,16.0,-16.0,32.64,Derecha
-0.72,0.32,0.52,16.0,16.0,-16.0,32.66,Izquierda
-1.27,0.35,-0.6,16.0,16.0,-16.0,32.68,Izquierda
-0.35,-0.18,-1.05,16.0,-14.82,-16.0,32.68,PosiciÃÂ³n No VÃÂ¡lida
-0.57,0.21,-0.01,-16.0,-16.0,16.0,32.68,Izquierda
0.58,0.46,1.28,16.0,-16.0,-16.0,32.67,Abajo
0.43,0.35,0.6,-16.0,-16.0,16.0,32.66,PosiciÃÂ³n No VÃÂ¡lida
0.95,-0.0,-0.1,-15.9,16.0,-4.44,32.65,Derecha
0.31,0.35,0.29,16.0,16.0,-16.0,32.67,PosiciÃÂ³n No VÃÂ¡lida
-0.33,0.33,1.21,16.0,-16.0,-12.93,32.66,Abajo
-0.3,1.13,0.37,16.0,16.0,-6.04,32.67,Frente
0.31,0.81,-0.58,-16.0,16.0,-7.61,32.65,Frente
-0.54,1.6,0.29,-16.0,16.0,-16.0,32.65,Frente
-0.55,-1.3,0.97,-16.0,-16.0,16.0,32.66,Abajo
-0.17,-0.75,-0.21,-16.0,16.0,16.0,32.69,AtrÃÂ¡s
-0.2,-0.56,-0.4,16.0,-0.7,-16.0,32.65,AtrÃÂ¡s
-0.17,-0.58,1.68,16.0,-16.0,-16.0,32.68,Abajo
0.08,1.24,0.45,16.0,16.0,16.0,32.63,Frente
0.3,0.74,-0.37,-15.14,-15.95,12.39,32.64,Frente
-0.18,1.05,0.53,-16.0,-16.0,-16.0,32.66,Frente
-0.26,-1.02,1.45,-16.0,16.0,16.0,32.68,Abajo
-0.41,-0.8,0.03,-16.0,15.62,-16.0,32.69,AtrÃÂ¡s
-0.22,-0.86,-0.22,16.0,-16.0,-16.0,32.64,AtrÃÂ¡s
-0.05,-0.81,1.98,16.0,-16.0,-16.0,32.67,Abajo
0.51,0.24,1.28,-16.0,-16.0,16.0,32.66,Abajo
0.79,0.05,-0.23,-16.0,-16.0,16.0,32.65,Derecha
0.63,0.04,-0.03,-16.0,16.0,-16.0,32.68,Derecha
0.24,0.02,1.21,16.0,16.0,-16.0,32.63,Abajo
-1.18,0.17,0.72,16.0,16.0,-16.0,32.66,Izquierda
-0.38,-0.13,-0.82,-1.05,16.0,16.0,32.66,PosiciÃÂ³n No VÃÂ¡lida
-0.52,0.28,-0.5,-16.0,-16.0,16.0,32.64,Izquierda
-0.57,0.22,1.26,16.0,-16.0,-16.0,32.68,Abajo
0.58,0.2,0.83,16.0,-16.0,16.0,32.65,Abajo
0.86,-0.03,-0.08,-16.0,-16.0,-16.0,32.66,Derecha
0.63,0.28,0.58,-16.0,16.0,-16.0,32.65,Derecha
0.06,0.05,1.42,16.0,0.71,-16.0,32.67,Abajo
0.26,0.84,1.3,16.0,16.0,-16.0,32.66,Abajo
0.06,0.83,-0.4,-16.0,-16.0,-16.0,32.66,Frente
-0.34,0.76,0.53,-16.0,0.79,16.0,32.67,Frente
-0.01,-1.26,1.21,-16.0,16.0,15.22,32.66,Abajo
0.0,-0.39,-0.4,-16.0,16.0,16.0,32.67,PosiciÃÂ³n No VÃÂ¡lida
-0.08,-0.29,-0.31,16.0,-16.0,-16.0,32.67,PosiciÃÂ³n No VÃÂ¡lida
-0.05,0.08,0.91,16.0,16.0,-16.0,32.64,Abajo
-1.21,0.32,0.82,-16.0,16.0,-16.0,32.64,Abajo
-0.62,-0.04,-0.54,-16.0,16.0,-16.0,32.66,Izquierda
-0.55,-0.07,-0.22,-16.0,-16.0,16.0,32.65,Izquierda
-0.22,0.06,1.07,-16.0,-16.0,16.0,32.68,Abajo
0.61,0.06,0.68,-4.34,-16.0,-16.0,32.66,Derecha
0.98,-0.02,-0.16,-16.0,-16.0,16.0,32.66,Derecha
0.77,0.05,0.54,15.75,16.0,-16.0,32.68,Derecha
-0.27,-0.12,1.43,16.0,16.0,-16.0,32.65,Abajo
-0.52,-0.03,-0.4,-16.0,16.0,-13.51,32.68,Izquierda
-0.57,-0.02,-0.43,-16.0,-16.0,16.0,32.64,Izquierda
-0.21,0.04,1.03,16.0,-16.0,-16.0,32.64,Abajo
-0.29,1.65,0.76,16.0,16.0,-16.0,32.69,Frente
0.2,0.73,-0.38,-16.0,-4.62,8.15,32.68,Frente
-0.26,1.32,0.59,-16.0,16.0,-16.0,32.65,Frente
-0.1,-1.18,1.41,-16.0,-13.39,16.0,32.67,Abajo
-0.13,-0.42,-0.24,-16.0,16.0,16.0,32.68,PosiciÃÂ³n No VÃÂ¡lida
0.01,0.17,0.56,16.0,-16.0,-16.0,32.64,PosiciÃÂ³n No VÃÂ¡lida
-0.26,0.39,0.8,16.0,16.0,-6.54,32.67,Abajo
-0.62,1.1,0.89,16.0,16.0,16.0,32.64,Abajo
0.24,0.81,-0.24,-16.0,-7.44,16.0,32.68,Frente
-0.58,0.64,0.46,-16.0,-16.0,-16.0,32.64,Frente
0.08,-0.56,1.36,-16.0,16.0,16.0,32.66,Abajo
-0.2,-0.11,0.61,16.0,-16.0,-10.78,32.66,PosiciÃÂ³n No VÃÂ¡lida
1.04,0.24,0.01,11.02,16.0,-16.0,32.65,Derecha
0.01,0.24,1.23,-8.39,16.0,-16.0,32.67,Abajo
-1.18,0.11,0.28,16.0,16.0,-6.34,32.65,Izquierda
-0.19,-0.16,-0.81,-2.78,16.0,16.0,32.63,PosiciÃÂ³n No VÃÂ¡lida
-0.62,0.07,-0.14,-16.0,-16.0,16.0,32.65,Izquierda
0.85,0.91,0.77,-16.0,16.0,16.0,32.66,Frente
0.64,0.06,0.61,-16.0,-16.0,16.0,32.67,Derecha
0.94,0.05,0.1,-16.0,16.0,-16.0,32.66,Derecha
0.26,-0.18,1.0,-16.0,16.0,16.0,32.67,Abajo
0.02,0.49,0.72,16.0,-16.0,-15.96,32.68,PosiciÃÂ³n No VÃÂ¡lida
0.4,0.48,0.43,16.0,16.0,16.0,32.65,PosiciÃÂ³n No VÃÂ¡lida
-0.03,0.7,0.13,-16.0,-16.0,-16.0,32.65,Frente
-0.39,0.07,0.97,-16.0,16.0,16.0,32.65,Abajo
-0.06,-0.47,0.78,-16.0,16.0,16.0,32.64,PosiciÃÂ³n No VÃÂ¡lida
-0.11,-0.72,0.08,-16.0,-13.77,-2.2,32.64,AtrÃÂ¡s
0.04,-0.4,1.05,16.0,-16.0,-16.0,32.68,Abajo
0.1,0.64,1.19,16.0,-16.0,16.0,32.68,Abajo
0.2,0.74,0.03,16.0,-2.33,16.0,32.67,Frente
0.12,0.79,0.38,-16.0,-16.0,-16.0,32.65,Frente
-0.35,0.06,0.87,-16.0,-16.0,3.51,32.64,Abajo
-0.52,0.02,1.06,-16.0,16.0,16.0,32.66,Abajo
-0.63,-0.08,-0.61,-14.72,16.0,-11.03,32.66,Izquierda
-0.7,0.62,0.11,-16.0,-16.0,16.0,32.65,Frente
0.14,-0.16,0.89,-16.0,-16.0,-6.39,32.66,Abajo
0.56,0.34,0.09,-10.29,-16.0,-16.0,32.65,Derecha
0.94,-0.09,-0.12,-16.0,15.32,4.15,32.64,Derecha
0.54,0.01,1.14,-16.0,16.0,16.0,32.66,Abajo
-1.01,-0.12,1.02,16.0,16.0,-16.0,32.66,Abajo
-0.75,0.19,0.17,16.0,16.0,16.0,32.66,Izquierda
-0.95,0.19,0.09,16.0,16.0,-16.0,32.62,Izquierda
-0.42,0.38,-0.19,-16.0,-16.0,16.0,32.67,PosiciÃÂ³n No VÃÂ¡lida
0.15,1.05,0.21,16.0,-16.0,16.0,32.66,Frente
0.05,1.06,0.0,-16.0,-16.0,-4.5,32.66,Frente
-0.09,0.55,0.63,-16.0,-16.0,-16.0,32.66,Frente
0.06,-0.92,0.63,-16.0,-11.43,-16.0,32.64,AtrÃÂ¡s
-0.17,-0.76,-0.13,-16.0,-12.34,-5.87,32.63,AtrÃÂ¡s
-0.36,-0.86,0.68,16.0,-16.0,-16.0,32.63,AtrÃÂ¡s
0.17,0.57,0.77,16.0,16.0,-12.29,32.65,Frente
-0.62,1.28,0.13,16.0,16.0,16.0,32.65,Frente
-0.16,0.68,0.32,-16.0,4.1,-16.0,32.66,Frente
-0.74,0.01,0.71,-16.0,16.0,-16.0,32.65,Izquierda
-0.67,-0.51,-0.08,-16.0,-15.42,16.0,32.63,AtrÃÂ¡s
-0.15,-0.15,1.44,16.0,-16.0,-16.0,32.67,Abajo
0.68,0.08,0.24,16.0,-16.0,16.0,32.64,Derecha
1.19,-0.14,0.35,-16.0,16.0,-14.44,32.64,Derecha
0.03,-0.07,1.18,16.0,16.0,16.0,32.65,Abajo
-1.11,0.05,0.38,16.0,16.0,-16.0,32.67,Izquierda
-0.58,-0.08,-0.65,9.0,16.0,-9.61,32.65,Izquierda
-0.45,0.24,0.28,-16.0,-16.0,16.0,32.66,PosiciÃÂ³n No VÃÂ¡lida
0.62,0.83,0.77,16.0,-16.0,-16.0,32.64,Frente
-0.11,0.86,0.25,16.0,16.0,-16.0,32.63,Frente
0.08,0.8,0.12,-16.0,-16.0,-16.0,32.62,Frente
-0.21,0.01,0.84,-16.0,16.0,16.0,32.64,Abajo
-0.3,-1.21,0.61,-16.0,16.0,16.0,32.66,AtrÃÂ¡s
-0.17,-0.84,-0.38,-0.07,0.04,-7.03,32.68,AtrÃÂ¡s
0.05,-0.92,1.06,16.0,-16.0,-16.0,32.68,Abajo
-0.24,0.04,1.21,16.0,16.0,-16.0,32.66,Abajo
-0.77,0.51,-0.24,16.0,16.0,-16.0,32.67,Frente
-0.65,-0.13,-0.32,-16.0,-16.0,16.0,32.66,Izquierda
-0.27,-0.09,1.21,-16.0,-16.0,16.0,32.66,Abajo
0.6,0.48,0.6,-16.0,-16.0,-16.0,32.66,Derecha
0.87,0.05,-0.01,-16.0,-15.96,-16.0,32.66,Derecha
0.32,-0.01,0.85,3.43,16.0,16.0,32.64,Abajo
-1.0,0.13,0.12,16.0,16.0,-16.0,32.68,Izquierda
-0.48,-0.13,-0.6,13.47,16.0,-15.89,32.62,PosiciÃÂ³n No VÃÂ¡lida
-0.91,0.38,-0.17,-16.0,-16.0,16.0,32.66,Izquierda
0.19,0.11,0.92,9.21,-16.0,0.83,32.66,Abajo
0.15,1.18,0.27,16.0,-16.0,-16.0,32.65,Frente
0.06,0.82,-0.04,-16.0,-16.0,0.73,32.64,Frente
-0.26,0.83,0.35,-16.0,4.52,-16.0,32.65,Frente
-0.42,-0.98,0.63,-16.0,0.61,16.0,32.63,AtrÃÂ¡s
-0.16,-0.7,-0.16,-16.0,9.3,9.32,32.67,AtrÃÂ¡s
-0.52,-0.5,0.01,16.0,-16.0,-16.0,32.66,Izquierda
0.0,0.13,1.41,16.0,-16.0,-16.0,32.66,Abajo
0.09,0.48,0.35,16.0,16.0,16.0,32.67,PosiciÃÂ³n No VÃÂ¡lida
-0.03,0.85,1.1,-16.0,16.0,-16.0,32.65,Abajo
0.02,-0.87,1.11,0.09,-16.0,16.0,32.66,Abajo
0.67,-0.1,0.36,16.0,-16.0,-16.0,32.64,Derecha
0.89,-0.13,-0.11,-14.21,16.0,-16.0,32.65,Derecha
-0.01,-0.12,1.4,16.0,16.0,-16.0,32.64,Abajo
-1.05,0.24,-0.19,16.0,16.0,-16.0,32.64,Izquierda
-0.71,-0.29,-1.23,-16.0,-16.0,16.0,32.66,Izquierda
-0.33,0.61,0.81,16.0,-16.0,16.0,32.66,Abajo
0.71,0.15,1.25,-16.0,-16.0,-7.9,32.64,Abajo
0.74,-0.01,0.41,1.19,-16.0,14.97,32.63,Derecha
0.55,0.24,1.01,-13.37,16.0,-6.88,32.65,Abajo
-0.33,0.68,0.8,16.0,16.0,16.0,32.66,Abajo
0.02,0.62,0.63,16.0,-16.0,16.0,32.64,Frente
-0.03,0.8,0.14,-16.0,-16.0,-16.0,32.63,Frente
-0.44,-0.3,0.67,-16.0,-16.0,-16.0,32.64,PosiciÃÂ³n No VÃÂ¡lida
-0.08,-1.03,0.03,-16.0,16.0,16.0,32.61,AtrÃÂ¡s
-0.34,-1.1,-0.27,16.0,-16.0,-16.0,32.64,AtrÃÂ¡s
0.18,-0.48,1.05,16.0,-16.0,-16.0,32.66,Abajo
0.01,0.49,0.72,16.0,16.0,-16.0,32.62,PosiciÃÂ³n No VÃÂ¡lida
0.13,0.87,0.12,16.0,-16.0,16.0,32.66,Frente
-0.14,0.83,0.39,-16.0,-0.9,-16.0,32.65,Frente
1.16,-0.01,1.64,-16.0,-16.0,-16.0,32.64,Abajo
0.22,0.08,-0.01,16.0,-16.0,-16.0,32.66,PosiciÃÂ³n No VÃÂ¡lida
1.42,0.21,0.06,-16.0,16.0,16.0,32.66,Derecha
-0.08,-0.17,0.39,16.0,16.0,-10.93,32.67,PosiciÃÂ³n No VÃÂ¡lida
-0.9,0.15,0.32,16.0,16.0,-13.95,32.63,Izquierda
-0.15,-0.11,-1.22,-1.93,16.0,3.8,32.64,PosiciÃÂ³n No VÃÂ¡lida
-0.44,0.05,-0.02,-16.0,-16.0,16.0,32.64,PosiciÃÂ³n No VÃÂ¡lida
0.4,0.08,1.58,-16.0,-16.0,-16.0,32.64,Abajo
0.07,0.29,0.22,16.0,-16.0,-16.0,32.66,PosiciÃÂ³n No VÃÂ¡lida
0.69,0.1,0.08,-12.4,16.0,11.71,32.67,Derecha
0.16,0.16,1.09,-16.0,16.0,-16.0,32.64,Abajo
-0.62,0.41,0.78,16.0,-10.72,16.0,32.65,Izquierda
0.15,0.94,0.02,16.0,-16.0,16.0,32.68,Frente
0.03,0.96,0.92,-16.0,16.0,-8.59,32.64,Abajo
-0.1,-1.22,1.06,-16.0,-16.0,16.0,32.66,Abajo
-0.07,-0.27,-0.46,-16.0,16.0,16.0,32.64,PosiciÃÂ³n No VÃÂ¡lida
-0.12,-0.63,0.31,16.0,-16.0,-16.0,32.66,AtrÃÂ¡s
0.25,0.24,1.65,16.0,-16.0,-16.0,32.64,Abajo
0.06,0.76,-0.04,16.0,16.0,16.0,32.64,Frente
0.23,0.78,0.14,-16.0,-16.0,-16.0,32.64,Frente
0.0,0.71,0.36,-16.0,16.0,16.0,32.66,Frente
0.4,0.3,1.18,16.0,-16.0,-16.0,32.65,Abajo
0.74,-0.0,-0.16,-16.0,-16.0,4.73,32.62,Derecha
0.88,0.09,0.04,-2.27,16.0,12.93,32.64,Derecha
-0.63,0.17,0.8,16.0,16.0,-16.0,32.65,Abajo
-1.09,0.14,-0.52,-3.96,16.0,-16.0,32.62,Izquierda
-0.76,-0.15,-1.0,-14.09,-16.0,14.49,32.65,Izquierda
-0.39,0.2,0.6,4.95,-16.0,-11.27,32.62,PosiciÃÂ³n No VÃÂ¡lida
0.34,0.24,1.22,12.84,-16.0,16.0,32.64,Abajo
0.17,0.1,-0.19,16.0,-16.0,16.0,32.66,PosiciÃÂ³n No VÃÂ¡lida
0.92,-0.01,0.27,-16.0,16.0,-11.71,32.64,Derecha
-0.06,-0.08,1.26,16.0,16.0,-4.18,32.63,Abajo
-1.02,0.19,0.04,16.0,16.0,-16.0,32.64,Izquierda
-0.66,-0.13,-0.87,-16.0,-10.75,16.0,32.61,Izquierda
-0.69,0.49,0.6,16.0,-16.0,16.0,32.64,Izquierda
0.15,0.96,0.2,16.0,-16.0,7.17,32.64,Frente
-0.11,1.08,-0.62,16.0,-16.0,-16.0,32.63,Frente
-0.01,1.21,0.04,-16.0,16.0,-16.0,32.62,Frente
-0.36,-0.35,0.92,-16.0,16.0,16.0,32.63,Abajo
-0.22,-0.64,0.06,-16.0,16.0,16.0,32.62,AtrÃÂ¡s
-0.26,-1.09,-0.07,16.0,15.9,16.0,32.64,AtrÃÂ¡s
-0.21,-0.5,0.69,16.0,-16.0,-16.0,32.63,PosiciÃÂ³n No VÃÂ¡lida
0.06,0.7,0.65,16.0,-16.0,5.02,32.64,Frente
0.37,0.63,0.2,16.0,-16.0,-15.91,32.63,Frente
0.02,0.75,0.32,-16.0,16.0,-16.0,32.65,Frente
-0.07,0.05,1.07,-16.0,-16.0,16.0,32.66,Abajo
0.48,-0.37,0.74,-16.0,-16.0,-16.0,32.66,PosiciÃÂ³n No VÃÂ¡lida
0.99,-0.21,0.22,16.0,-16.0,-16.0,32.63,Derecha
-0.06,0.03,1.24,3.22,16.0,16.0,32.62,Abajo
-0.86,0.27,0.59,16.0,16.0,-16.0,32.65,Izquierda
-0.36,0.14,-0.54,-16.0,16.0,-16.0,32.65,PosiciÃÂ³n No VÃÂ¡lida
-0.86,0.42,-0.24,-16.0,-16.0,16.0,32.65,Izquierda
0.05,0.52,0.6,16.0,-16.0,15.51,32.65,Frente
0.06,0.95,0.32,16.0,-16.0,-16.0,32.64,Frente
0.25,1.03,-0.44,-16.0,16.0,-16.0,32.62,Frente
-0.18,0.36,0.22,-16.0,-16.0,12.73,32.65,PosiciÃÂ³n No VÃÂ¡lida
-0.23,-1.02,0.73,-16.0,16.0,-16.0,32.67,AtrÃÂ¡s
0.07,-0.64,-0.03,-16.0,-16.0,7.51,32.63,AtrÃÂ¡s
-0.06,-1.05,-0.27,16.0,-13.01,-16.0,32.64,AtrÃÂ¡s
-0.38,-0.98,0.84,16.0,-16.0,-16.0,32.65,Abajo
0.09,0.67,0.33,16.0,-2.9,-16.0,32.65,Frente
0.08,0.95,-0.14,16.0,-16.0,16.0,32.64,Frente
0.1,0.89,0.1,-16.0,-3.23,7.95,32.66,Frente
0.28,0.04,0.76,-16.0,-16.0,16.0,32.66,PosiciÃÂ³n No VÃÂ¡lida
0.81,0.14,0.5,16.0,-16.0,16.0,32.64,Derecha
0.74,0.06,0.27,-15.9,16.0,-16.0,32.63,Derecha
0.36,0.05,1.52,3.34,16.0,-16.0,32.66,Abajo
-0.91,0.21,0.54,10.86,16.0,-16.0,32.65,Izquierda
-0.29,-0.15,-0.82,-16.0,16.0,-16.0,32.62,PosiciÃÂ³n No VÃÂ¡lida
-0.73,0.29,-0.37,-16.0,-16.0,16.0,32.65,Izquierda
0.56,0.16,1.26,-16.0,-16.0,-16.0,32.63,Abajo
0.23,0.64,0.5,-16.0,-16.0,16.0,32.64,Frente
0.85,0.04,0.05,16.0,16.0,-16.0,32.65,Derecha
0.23,0.47,0.7,16.0,16.0,-16.0,32.65,PosiciÃÂ³n No VÃÂ¡lida
-0.89,0.05,0.44,-16.0,16.0,-16.0,32.66,Izquierda
-0.65,-0.27,-0.82,-16.0,-7.59,16.0,32.68,Izquierda
-0.75,0.41,0.84,16.0,-16.0,-15.76,32.67,Abajo
0.21,0.78,0.7,16.0,-16.0,-7.95,32.63,Frente
0.19,0.86,-0.35,16.0,-16.0,-2.86,32.66,Frente
0.31,1.08,0.34,-16.0,16.0,-16.0,32.67,Frente
-0.33,-0.55,0.81,-16.0,16.0,16.0,32.65,Abajo
-0.08,-0.82,-0.0,-16.0,-16.0,5.07,32.63,AtrÃÂ¡s
0.09,-1.07,-0.14,16.0,-0.07,-16.0,32.65,AtrÃÂ¡s
-0.06,0.11,0.41,16.0,14.53,-12.98,32.65,PosiciÃÂ³n No VÃÂ¡lida
0.04,0.86,0.39,16.0,16.0,-16.0,32.64,Frente
-0.09,0.94,-0.18,16.0,-16.0,16.0,32.66,Frente
-0.24,0.86,0.14,-16.0,16.0,-16.0,32.64,Frente
0.67,-0.05,1.01,16.0,-16.0,16.0,32.64,Abajo
0.85,-0.08,0.12,-16.0,-16.0,-16.0,32.64,Derecha
0.63,-0.4,0.44,-1.05,16.0,11.93,32.64,Derecha
-0.05,-0.07,1.11,-16.0,16.0,-16.0,32.65,Abajo
-0.97,0.05,0.2,16.0,16.0,-16.0,32.65,Izquierda
-0.87,-0.18,-1.13,-16.0,16.0,16.0,32.64,Izquierda
-0.39,0.1,0.29,16.0,-16.0,16.0,32.61,PosiciÃÂ³n No VÃÂ¡lida
0.67,0.02,1.33,-16.0,-16.0,-16.0,32.65,Abajo
0.69,-0.05,-0.09,16.0,-16.0,-16.0,32.66,Derecha
0.64,-0.06,0.36,-14.97,16.0,-4.05,32.64,Derecha
0.13,0.05,1.19,16.0,16.0,-16.0,32.65,Abajo
-0.59,0.05,-0.15,16.0,16.0,-16.0,32.65,Izquierda
-0.63,-0.17,-0.81,-16.0,-16.0,16.0,32.62,Izquierda
-0.19,0.11,1.18,16.0,-16.0,-16.0,32.64,Abajo
-0.16,0.77,0.63,16.0,-16.0,8.58,32.64,Frente
0.27,0.97,0.01,-16.0,-16.0,11.49,32.64,Frente
-0.03,0.41,0.76,-16.0,16.0,16.0,32.61,PosiciÃÂ³n No VÃÂ¡lida
-0.6,-1.48,0.18,-16.0,16.0,7.17,32.64,AtrÃÂ¡s
-0.04,-0.84,-0.22,16.0,4.42,-15.17,32.66,AtrÃÂ¡s
-0.22,-0.58,0.74,16.0,-16.0,-16.0,32.64,AtrÃÂ¡s
0.11,0.51,0.33,16.0,16.0,15.85,32.65,Frente
0.02,0.85,0.76,-16.0,-16.0,-12.0,32.67,Frente
0.26,0.51,0.64,-16.0,-0.44,9.17,32.64,Frente
0.62,-0.16,0.44,16.0,-16.0,-16.0,32.64,Derecha
0.89,-0.22,-0.16,-16.0,-1.88,10.39,32.64,Derecha
0.45,-0.02,1.31,16.0,16.0,-16.0,32.66,Abajo
-0.53,0.18,0.54,16.0,16.0,-16.0,32.64,Izquierda
-0.52,-0.18,-0.82,-16.0,16.0,-16.0,32.63,Izquierda
-0.82,0.11,-0.39,-16.0,-16.0,16.0,32.66,Izquierda
-0.12,0.12,1.1,16.0,-16.0,-16.0,32.66,Abajo
0.72,0.38,0.83,6.42,-16.0,-16.0,32.66,Abajo
0.79,-0.05,-0.08,16.0,16.0,-1.71,32.64,Derecha
0.38,0.13,1.36,-16.0,16.0,16.0,32.64,Abajo
-0.88,0.09,0.38,-16.0,16.0,-16.0,32.66,Izquierda
-0.69,-0.32,-0.6,-16.0,-6.12,-16.0,32.67,Izquierda
-0.71,-0.2,1.3,16.0,-16.0,7.85,32.67,Abajo
0.22,0.8,0.4,16.0,-16.0,16.0,32.63,Frente
0.04,0.67,0.38,-16.0,11.33,-16.0,32.66,Frente
0.07,-0.62,0.75,-16.0,16.0,16.0,32.67,AtrÃÂ¡s
-0.18,-0.74,-0.21,-16.0,-15.89,16.0,32.64,AtrÃÂ¡s
-0.42,-1.37,0.26,16.0,-16.0,-16.0,32.63,AtrÃÂ¡s
-0.32,-0.27,0.83,16.0,16.0,-16.0,32.65,Abajo
-0.11,0.91,0.51,16.0,-16.0,16.0,32.66,Frente
0.01,0.84,-0.03,-16.0,1.74,-16.0,32.66,Frente
-0.19,0.79,0.91,-16.0,-16.0,16.0,32.62,Abajo
-0.13,-0.87,0.12,-16.0,16.0,16.0,32.64,AtrÃÂ¡s
0.04,-0.81,-0.18,-16.0,-6.96,-16.0,32.64,AtrÃÂ¡s
-0.19,-0.74,0.24,16.0,1.74,-16.0,32.67,AtrÃÂ¡s
-0.06,0.38,1.12,16.0,-16.0,-10.69,32.67,Abajo
-0.01,0.79,0.39,-16.0,16.0,-16.0,32.64,Frente
0.19,0.44,0.73,-16.0,-16.0,16.0,32.66,PosiciÃÂ³n No VÃÂ¡lida
0.94,-0.03,0.1,-16.0,16.0,16.0,32.66,Derecha
-0.14,0.11,0.65,-8.59,16.0,16.0,32.65,PosiciÃÂ³n No VÃÂ¡lida
-0.48,0.0,-0.1,11.07,16.0,-16.0,32.67,PosiciÃÂ³n No VÃÂ¡lida
-1.08,-0.17,-0.68,-16.0,-16.0,16.0,32.64,Izquierda
-0.06,0.16,0.69,16.0,-16.0,-16.0,32.65,PosiciÃÂ³n No VÃÂ¡lida
0.78,0.23,0.52,-16.0,-16.0,16.0,32.65,Derecha
0.64,-0.13,0.35,16.0,16.0,-8.88,32.65,Derecha
-0.2,-0.25,1.28,-13.38,16.0,-16.0,32.63,Abajo
0.05,-0.37,-0.42,16.0,16.0,-16.0,32.66,PosiciÃÂ³n No VÃÂ¡lida
-0.45,0.57,0.94,-16.0,-16.0,16.0,32.64,Abajo
0.67,0.43,0.51,-16.0,-16.0,16.0,32.69,Derecha
0.83,0.2,-0.17,10.77,-2.82,-16.0,32.63,Derecha
0.44,-0.05,1.13,-12.65,16.0,16.0,32.65,Abajo
-0.63,-0.0,0.33,-16.0,16.0,3.22,32.66,Izquierda
-0.94,-0.23,-1.17,-11.51,-16.0,16.0,32.64,Izquierda
-0.6,0.2,0.68,4.78,-16.0,9.41,32.66,Izquierda
0.48,1.24,0.18,16.0,-16.0,-16.0,32.66,Frente
-0.02,0.73,-0.36,16.0,-16.0,7.91,32.66,Frente
-0.13,0.83,0.94,-16.0,16.0,-16.0,32.64,Abajo
-0.51,-0.19,0.27,-16.0,16.0,16.0,32.7,Izquierda
-0.17,-0.84,-0.05,-16.0,16.0,3.41,32.66,AtrÃÂ¡s
-0.31,-0.49,0.24,16.0,-16.0,-16.0,32.64,PosiciÃÂ³n No VÃÂ¡lida
-0.11,0.54,0.71,16.0,16.0,16.0,32.66,Frente
0.1,1.06,-0.23,16.0,-16.0,16.0,32.65,Frente
0.08,1.0,0.47,-16.0,5.28,-16.0,32.65,Frente
-0.28,0.21,0.6,-16.0,-15.57,16.0,32.68,PosiciÃÂ³n No VÃÂ¡lida
0.13,-0.09,0.98,-16.0,-16.0,16.0,32.66,Abajo
1.04,-0.39,0.32,6.3,16.0,16.0,32.65,Derecha
0.05,0.13,0.81,16.0,16.0,-16.0,32.65,Abajo
-0.6,0.08,-0.51,-16.0,16.0,-16.0,32.66,Izquierda
-1.0,-0.13,-0.82,-16.0,-16.0,16.0,32.68,Izquierda
-0.02,0.18,0.71,16.0,-16.0,-14.26,32.66,PosiciÃÂ³n No VÃÂ¡lida
0.56,0.99,0.48,16.0,-6.73,-16.0,32.64,Frente
0.58,1.02,0.02,16.0,16.0,8.73,32.66,Frente
0.44,1.4,0.81,-16.0,16.0,16.0,32.64,Abajo
-0.34,-1.39,0.69,-16.0,16.0,16.0,32.66,AtrÃÂ¡s
0.02,-0.6,-0.31,16.0,-16.0,-16.0,32.68,AtrÃÂ¡s
0.35,-0.82,1.11,16.0,-16.0,-16.0,32.66,Abajo
0.14,0.32,0.94,16.0,16.0,-16.0,32.69,Abajo
0.02,0.54,0.95,16.0,-16.0,16.0,32.63,Abajo
-0.16,0.61,0.65,-16.0,-16.0,-16.0,32.66,Frente
0.13,0.07,0.99,-16.0,16.0,-16.0,32.62,Abajo
0.32,0.18,0.72,-16.0,-16.0,16.0,32.68,PosiciÃÂ³n No VÃÂ¡lida
0.82,0.01,-0.08,16.0,16.0,-16.0,32.66,Derecha
0.86,-0.07,1.29,-16.0,16.0,16.0,32.64,Abajo
-0.93,0.02,0.3,-9.49,16.0,16.0,32.64,Izquierda
-0.49,-0.17,-1.05,-11.98,16.0,14.97,32.66,PosiciÃÂ³n No VÃÂ¡lida
-0.63,0.24,-0.22,-16.0,-16.0,-16.0,32.68,Izquierda
0.51,0.15,1.09,-16.0,-16.0,16.0,32.65,Abajo
0.8,0.0,0.68,16.0,-16.0,4.68,32.65,Derecha
0.69,0.05,0.0,-14.85,16.0,-16.0,32.66,Derecha
0.14,0.32,1.09,-16.0,16.0,-16.0,32.64,Abajo
-0.26,0.48,0.49,16.0,16.0,-5.07,32.68,PosiciÃÂ³n No VÃÂ¡lida
-0.13,0.71,0.15,16.0,-16.0,16.0,32.67,Frente
0.51,1.05,-0.1,-16.0,-16.0,-16.0,32.64,Frente
-0.25,-0.43,1.12,-16.0,-16.0,16.0,32.66,Abajo
0.06,-0.77,0.19,-16.0,-16.0,16.0,32.64,AtrÃÂ¡s
-0.28,-1.09,-0.26,16.0,-16.0,-13.22,32.66,AtrÃÂ¡s
0.14,-0.7,1.23,16.0,-16.0,-16.0,32.67,Abajo
0.36,0.57,0.53,16.0,12.27,10.82,32.67,Frente
0.22,0.95,0.67,16.0,-16.0,-16.0,32.66,Frente
0.2,1.03,0.57,-16.0,15.95,-16.0,32.64,Frente
0.15,-0.33,1.29,-16.0,-16.0,-5.27,32.64,Abajo
0.71,-0.11,0.32,16.0,-16.0,-16.0,32.62,Derecha
0.89,-0.14,-0.01,16.0,16.0,5.07,32.64,Derecha
0.06,0.16,1.04,-15.98,16.0,-16.0,32.67,Abajo
-0.79,-0.05,0.5,-16.0,16.0,-16.0,32.67,Izquierda
-0.67,-0.09,-1.08,16.0,16.0,10.0,32.64,Izquierda
-0.56,0.23,-0.05,-16.0,-16.0,16.0,32.69,Izquierda
0.53,0.14,1.05,8.75,-16.0,11.85,32.66,Abajo
0.77,0.07,0.7,-16.0,-16.0,16.0,32.66,Derecha
0.65,0.04,-0.18,-1.97,16.0,-16.0,32.68,Derecha
